Clinical Metric,Mean,Median,SD,Min,Max
Reported Cases,175.8048484848485,108.77,228.85257192251387,7.77,1224.45
Tests Administered,1667.801515151515,1390.71,1169.7576550783845,321.65,5126.99
