Clinical Metric,Mean,Median,SD,Min,Max
Reported Cases,175.8048484848485,108.77,228.85257192251387,7.77,1224.45
Tests Administered,2146.6439393939395,1790,1505.6065660706483,414,6599
